Type,Name,Request Count,Failure Count,Median Response Time,Average Response Time,Min Response Time,Max Response Time,Average Content Size,Requests/s,Failures/s,50%,66%,75%,80%,90%,95%,98%,99%,99.9%,99.99%,100%
POST,/score,22,8,2000.0,4352.539422728692,451.5328999841586,15498.938299977453,3043.681818181818,0.4150590434337244,0.15093056124862705,2500,4100,8300,8300,10000,11000,15000,15000,15000,15000,15000
,Aggregated,22,8,2000.0,4352.539422728692,451.5328999841586,15498.938299977453,3043.681818181818,0.4150590434337244,0.15093056124862705,2500,4100,8300,8300,10000,11000,15000,15000,15000,15000,15000
