Type,Name,Request Count,Failure Count,Median Response Time,Average Response Time,Min Response Time,Max Response Time,Average Content Size,Requests/s,Failures/s,50%,66%,75%,80%,90%,95%,98%,99%,99.9%,99.99%,100%
POST,/score,15,5,900.0,2725.042653334094,356.65290000179084,8378.783600001043,8940.133333333333,0.3295446373624646,0.10984821245415485,900,1100,8100,8100,8100,8400,8400,8400,8400,8400,8400
,Aggregated,15,5,900.0,2725.042653334094,356.65290000179084,8378.783600001043,8940.133333333333,0.3295446373624646,0.10984821245415485,900,1100,8100,8100,8100,8400,8400,8400,8400,8400,8400
