Type,Name,Request Count,Failure Count,Median Response Time,Average Response Time,Min Response Time,Max Response Time,Average Content Size,Requests/s,Failures/s,50%,66%,75%,80%,90%,95%,98%,99%,99.9%,99.99%,100%
POST,/score,11,4,930.0,4957.988918182475,533.5221999994246,16285.375999999815,9406.09090909091,0.19187966105397022,0.06977442220144373,930,3600,14000,14000,15000,16000,16000,16000,16000,16000,16000
,Aggregated,11,4,930.0,4957.988918182475,533.5221999994246,16285.375999999815,9406.09090909091,0.19187966105397022,0.06977442220144373,930,3600,14000,14000,15000,16000,16000,16000,16000,16000,16000
